name,micro_recall,micro_precision,micro_f1
SVM,0.31955984729395914,0.654102505171225,0.42935807497925627
Paragraph Vector,0.3434763081068942,0.43706243749107015,0.38465891229173216
NB,0.7269256680889288,0.2296477599233798,0.34903091894223254
LDA,0.08634628340444644,0.738003838771593,0.15460394049055087
Bi-GRU+Att,0.23130473837862114,0.046506377694999435,0.07744215334298228
